"method","path","source_file","surface","tenant_resolution","authentication","request_protection","capability_or_scope","authority","contract_ref","maturity","response_contract","notes"
"POST","/api/admin/abuse-reports/:reportPublicId","src/pages/api/admin/abuse-reports/[reportPublicId].ts","admin","platform_admin->optional shop target","active_admin","csrf+recent-auth+audit","platform:operate","d1-transaction","admin","live","admin_mutation_projection","Support is limited to received->triaged; owner/risk can perform broader transitions."
"POST","/api/admin/payments/payos/staging-fingerprint","src/pages/api/admin/payments/payos/staging-fingerprint.ts","admin","platform_admin","active_admin","csrf+recent-auth","platform:operate","runtime-hmac","admin.payos.staging-fingerprint","provider_pending","fingerprint_projection","Staging-only operator seam derives the keyed PayOS channel fingerprint inside the Worker; it accepts only clientId and never accepts or returns provider credentials or the HMAC secret."
"GET","/api/admin/abuse-reports","src/pages/api/admin/abuse-reports/index.ts","admin","platform_admin->optional shop target","active_admin","admin-role","platform:read","d1-projection","admin","live","safe_admin_projection",""
"POST","/api/admin/moderation/actions","src/pages/api/admin/moderation/actions.ts","admin","platform_admin->optional shop target","platform_owner_or_risk","csrf+recent-auth+audit","platform:operate","d1-transaction","admin","live","admin_mutation_projection",""
"POST","/api/admin/operations/dead-letters/:deadLetterId","src/pages/api/admin/operations/dead-letters/[deadLetterId].ts","admin","platform_admin->optional shop target","active_admin","csrf+recent-auth+audit","platform:operate","d1-transaction","admin","live","admin_mutation_projection","Replay/retry is bounded and idempotent; payloads expose safe context/reference only."
"POST","/api/admin/operations/deletions/:deletionRequestId/legal-hold","src/pages/api/admin/operations/deletions/[deletionRequestId]/legal-hold.ts","admin","platform_admin->optional shop target","platform_owner_or_risk","csrf+recent-auth+audit","platform:operate","d1-transaction","admin","live","admin_mutation_projection","Optimistic version and active-hold fences protect irreversible deletion/provider cleanup."
"POST","/api/admin/operations/incidents/:incidentId","src/pages/api/admin/operations/incidents/[incidentId].ts","admin","platform_admin->optional shop target","active_admin","csrf+recent-auth+audit","platform:operate","d1-transaction","admin","live","admin_mutation_projection",""
"GET","/api/admin/operations","src/pages/api/admin/operations/index.ts","admin","platform_admin->optional shop target","active_admin","admin-role","platform:read","d1-projection","admin","live","safe_admin_projection",""
"GET","/api/admin/operations/overview","src/pages/api/admin/operations/overview/index.ts","admin","platform_admin->optional shop target","active_admin","admin-role","platform:read","d1-projection","admin","live","safe_admin_projection","Bounded status-grouped counts fail closed per section so a broken projection omits its section instead of failing the whole overview."
"POST","/api/admin/operations/rotations/:runId/process","src/pages/api/admin/operations/rotations/[runId]/process.ts","admin","platform_admin->optional shop target","platform_owner_or_risk","csrf+recent-auth+audit","platform:operate","d1-transaction","admin","live","admin_mutation_projection","Credential/inventory rotation requires explicit high-risk confirmation and bounded processing."
"GET","/api/admin/operations/rotations","src/pages/api/admin/operations/rotations/index.ts","admin","platform_admin->optional shop target","active_admin","admin-role","platform:read","d1-projection","admin","live","safe_admin_projection","Credential/inventory rotation requires explicit high-risk confirmation and bounded processing."
"POST","/api/admin/operations/rotations","src/pages/api/admin/operations/rotations/index.ts","admin","platform_admin->optional shop target","platform_owner_or_risk","csrf+recent-auth+audit","platform:operate","d1-transaction","admin","live","admin_mutation_projection","Credential/inventory rotation requires explicit high-risk confirmation and bounded processing."
"POST","/api/admin/shops/:shopPublicId/suspend","src/pages/api/admin/shops/[shopPublicId]/suspend.ts","admin","platform_admin->optional shop target","platform_owner_or_risk","csrf+recent-auth+audit","platform:operate","d1-transaction","admin","live","admin_mutation_projection",""
"GET","/api/admin/shops","src/pages/api/admin/shops/index.ts","admin","platform_admin->optional shop target","active_admin","admin-role","platform:read","d1-projection","admin","live","safe_admin_projection","Directory excludes identity, credentials, tokens, provider payloads and internal shop IDs."
"POST","/api/app/account/change-password","src/pages/api/app/account/change-password.ts","dashboard","session->platform user","active_session","csrf+recent-auth","account:security","d1-transaction","app.account.password","live","mutation_projection","Changes the account password, revokes every other active session and emails a change alert."
"POST","/api/app/account/disable-2fa","src/pages/api/app/account/disable-2fa.ts","dashboard","session->platform user","active_session","csrf+recent-auth","account:security","d1-transaction","app.account.two_factor","live","empty_or_safe_json","Disables email-OTP 2FA after exactly one re-authentication proof (password XOR current OTP)."
"POST","/api/app/account/disable-2fa-request","src/pages/api/app/account/disable-2fa-request.ts","dashboard","session->platform user","active_session","csrf+recent-auth+rate-limit","account:security","d1-transaction","app.account.two_factor","live","safe_cooldown_projection","Sends the disable OTP for email-OTP 2FA with a cooldown; requires 2FA already enabled; debug OTP only in local mode."
"POST","/api/app/account/enable-2fa-request","src/pages/api/app/account/enable-2fa-request.ts","dashboard","session->platform user","active_session","csrf+recent-auth+rate-limit","account:security","d1-transaction","app.account.two_factor","live","safe_cooldown_projection","Sends the enrollment OTP for email-OTP 2FA with a 60s cooldown; debug OTP only in local mode."
"POST","/api/app/account/enable-2fa-verify","src/pages/api/app/account/enable-2fa-verify.ts","dashboard","session->platform user","active_session","csrf+recent-auth","account:security","d1-transaction","app.account.two_factor","live","mutation_projection","Confirms 2FA enrollment with the emailed OTP; attempt budget burns the code on exhaustion."
"GET","/api/app/account/login-history","src/pages/api/app/account/login-history.ts","dashboard","session->platform user","active_session","session","account:security","d1-projection","app.account.login_history","live","safe_json_projection","Append-only login outcomes for the caller; requester is an HMAC digest, never a raw IP; limit clamped to 50."
"GET","/api/app/shops/:shopPublicId","src/pages/api/app/shops/[shopPublicId].ts","dashboard","session->membership(shopPublicId)","session+shop","session+shop:read","shop:read","d1-projection","app.shop","live","safe_json_projection",""
"PATCH","/api/app/shops/:shopPublicId","src/pages/api/app/shops/[shopPublicId].ts","dashboard","session->membership(shopPublicId)","session+shop","csrf+shop:update","shop:update","d1-transaction","app.shop","live","mutation_projection",""
"GET","/api/app/shops/:shopPublicId/abuse-reports","src/pages/api/app/shops/[shopPublicId]/abuse-reports.ts","dashboard","session->membership(shopPublicId)","session+shop","session+owner","moderation:read","d1-projection","app.moderation","live","abuse_report_projection",""
"DELETE","/api/app/shops/:shopPublicId/api-credentials/:credentialPublicId","src/pages/api/app/shops/[shopPublicId]/api-credentials/[credentialPublicId].ts","dashboard","session->membership(shopPublicId)","session+shop","csrf+recent-auth+idempotency+expected-version","team:manage","d1-transaction","app.credentials","live","credential_projection",""
"GET","/api/app/shops/:shopPublicId/api-credentials","src/pages/api/app/shops/[shopPublicId]/api-credentials/index.ts","dashboard","session->membership(shopPublicId)","session+shop","session+recent-auth","team:manage","d1-projection","app.credentials","live","credential_projection","New credential token is revealed once only; list cannot recover it."
"POST","/api/app/shops/:shopPublicId/api-credentials","src/pages/api/app/shops/[shopPublicId]/api-credentials/index.ts","dashboard","session->membership(shopPublicId)","session+shop","csrf+recent-auth+idempotency","team:manage","d1-transaction","app.credentials","live","credential_creation_projection","New credential token is revealed once only; list cannot recover it."
"POST","/api/app/shops/:shopPublicId/assets/private-files","src/pages/api/app/shops/[shopPublicId]/assets/private-files.ts","dashboard","session->membership(shopPublicId)","session+shop","csrf+catalog:manage","catalog:manage","d1-transaction","app.inventory","live","private_asset_projection",""
"POST","/api/app/shops/:shopPublicId/media","src/pages/api/app/shops/[shopPublicId]/media.ts","dashboard","session->membership(shopPublicId)","session+shop","csrf+catalog:manage","catalog:manage","r2-put+d1-transaction","app.catalog","live","media_asset_projection","Storefront media upload (PNG/JPEG/WebP/AVIF up to 10MB) with magic-byte sniffing and plans storageBytes quota; R2 object rolled back on registration failure."
"GET","/api/app/shops/:shopPublicId/audit","src/pages/api/app/shops/[shopPublicId]/audit.ts","dashboard","session->membership(shopPublicId)","session+shop","session+owner","audit:read","d1-projection","app.audit-exports","live","audit_projection",""
"GET","/api/app/shops/:shopPublicId/automation/:taskId","src/pages/api/app/shops/[shopPublicId]/automation/[taskId].ts","dashboard","session->membership(shopPublicId)","session+shop","session+shop:read","automation:read","d1-projection","app.automation","live","automation_projection",""
"POST","/api/app/shops/:shopPublicId/automation/:taskId/cancel","src/pages/api/app/shops/[shopPublicId]/automation/[taskId]/cancel.ts","dashboard","session->membership(shopPublicId)","session+shop","csrf+recent-auth+expected-version+idempotency","automation:manage","d1-transaction","app.automation","live","automation_projection",""
"POST","/api/app/shops/:shopPublicId/automation/:taskId/resume","src/pages/api/app/shops/[shopPublicId]/automation/[taskId]/resume.ts","dashboard","session->membership(shopPublicId)","session+shop","csrf+recent-auth+expected-version+idempotency","automation:manage","d1-transaction","app.automation","live","automation_projection",""
"GET","/api/app/shops/:shopPublicId/automation","src/pages/api/app/shops/[shopPublicId]/automation/index.ts","dashboard","session->membership(shopPublicId)","session+shop","session+shop:read","automation:manage","d1-projection","app.automation","live","automation_projection","Only allowlisted service tasks may start; projection exposes safe status/error fields."
"POST","/api/app/shops/:shopPublicId/automation","src/pages/api/app/shops/[shopPublicId]/automation/index.ts","dashboard","session->membership(shopPublicId)","session+shop","csrf+recent-auth+idempotency","automation:manage","d1-transaction","app.automation","live","automation_projection","Only allowlisted service tasks may start; projection exposes safe status/error fields."
"GET","/api/app/shops/:shopPublicId/automation/rules","src/pages/api/app/shops/[shopPublicId]/automation/rules/index.ts","dashboard","session->membership(shopPublicId)","session+shop","session+shop:read","automation:read","d1-projection","app.automation.rules","live","automation_rule_projection","Seller-defined rules; every action still executes through the automation task engine."
"POST","/api/app/shops/:shopPublicId/automation/rules","src/pages/api/app/shops/[shopPublicId]/automation/rules/index.ts","dashboard","session->membership(shopPublicId)","session+shop","csrf+recent-auth+idempotency","automation:manage","d1-transaction","app.automation.rules","live","automation_rule_projection","Create replays on matching Idempotency-Key; conflicting body returns 409; webhook URLs pass the SSRF guard; plan quota automation_rules enforced."
"GET","/api/app/shops/:shopPublicId/automation/rules/:ruleId","src/pages/api/app/shops/[shopPublicId]/automation/rules/[ruleId].ts","dashboard","session->membership(shopPublicId)","session+shop","session+shop:read","automation:read","d1-projection","app.automation.rules","live","automation_rule_projection","Cross-tenant lookups always return 404."
"PATCH","/api/app/shops/:shopPublicId/automation/rules/:ruleId","src/pages/api/app/shops/[shopPublicId]/automation/rules/[ruleId].ts","dashboard","session->membership(shopPublicId)","session+shop","csrf+recent-auth+expected-version","automation:manage","d1-transaction","app.automation.rules","live","automation_rule_projection","Optimistic version conflict returns 409 automation_version_conflict."
"DELETE","/api/app/shops/:shopPublicId/automation/rules/:ruleId","src/pages/api/app/shops/[shopPublicId]/automation/rules/[ruleId].ts","dashboard","session->membership(shopPublicId)","session+shop","csrf+recent-auth+expected-version","automation:manage","d1-transaction","app.automation.rules","live","none","Action runs cascade; existing task rule_id is set null so history survives."
"POST","/api/app/shops/:shopPublicId/automation/rules/:ruleId/toggle","src/pages/api/app/shops/[shopPublicId]/automation/rules/[ruleId]/toggle.ts","dashboard","session->membership(shopPublicId)","session+shop","csrf+recent-auth+expected-version","automation:manage","d1-transaction","app.automation.rules","live","automation_rule_projection","Enable/disable with optimistic version check."
"GET","/api/app/shops/:shopPublicId/catalog","src/pages/api/app/shops/[shopPublicId]/catalog.ts","dashboard","session->membership(shopPublicId)","session+shop","session+catalog:manage","catalog:manage","d1-projection","app.catalog","live","safe_json_projection",""
"GET","/api/app/shops/:shopPublicId/catalog/visibility","src/pages/api/app/shops/[shopPublicId]/catalog/visibility.ts","dashboard","session->membership(shopPublicId)","session+shop","session+catalog:manage","catalog:manage","d1-projection","app.catalog","live","catalog_visibility_projection","Tenant-bound visibility rows are capped at 5,000 and expose safe product/channel status only."
"PUT","/api/app/shops/:shopPublicId/catalog/visibility","src/pages/api/app/shops/[shopPublicId]/catalog/visibility.ts","dashboard","session->membership(shopPublicId)","session+shop","csrf+recent-auth+idempotency+expected-version","catalog:manage","d1-transaction","app.catalog","live","catalog_visibility_projection","Optimistic version and idempotent status mutation; missing rows are created only with expectedVersion=0."
"POST","/api/app/shops/:shopPublicId/catalog/publish","src/pages/api/app/shops/[shopPublicId]/catalog/publish.ts","dashboard","session->membership(shopPublicId)","session+shop","csrf+recent-auth+expected-version","catalog:publish","d1-transaction","app.storefront","live","publication_projection","Owner-only legacy catalog publication; response/state differs from storefront publish."
"PUT","/api/app/shops/:shopPublicId/categories/:categoryId","src/pages/api/app/shops/[shopPublicId]/categories/[categoryId].ts","dashboard","session->membership(shopPublicId)","session+shop","csrf+catalog:manage","catalog:manage","d1-transaction","app.catalog","live","mutation_projection",""
"POST","/api/app/shops/:shopPublicId/categories","src/pages/api/app/shops/[shopPublicId]/categories/index.ts","dashboard","session->membership(shopPublicId)","session+shop","csrf+catalog:manage","catalog:manage","d1-transaction","app.catalog","live","mutation_projection",""
"POST","/api/app/shops/:shopPublicId/deletion/cancel","src/pages/api/app/shops/[shopPublicId]/deletion/cancel.ts","dashboard","session->membership(shopPublicId)","session+shop","csrf+recent-auth+expected-version+idempotency","shop:delete","d1-transaction","app.deletion","live","deletion_projection",""
"GET","/api/app/shops/:shopPublicId/deletion","src/pages/api/app/shops/[shopPublicId]/deletion/index.ts","dashboard","session->membership(shopPublicId)","session+shop","session+owner","shop:delete","d1-projection","app.deletion","live","deletion_projection",""
"POST","/api/app/shops/:shopPublicId/deletion","src/pages/api/app/shops/[shopPublicId]/deletion/index.ts","dashboard","session->membership(shopPublicId)","session+shop","csrf+recent-auth","shop:delete","d1-transaction","app.deletion","live","deletion_projection",""
"POST","/api/app/shops/:shopPublicId/deletion/resume","src/pages/api/app/shops/[shopPublicId]/deletion/resume.ts","dashboard","session->membership(shopPublicId)","session+shop","csrf+recent-auth","shop:delete","d1-transaction","app.deletion","live","deletion_projection",""
"DELETE","/api/app/shops/:shopPublicId/domains/:domainId","src/pages/api/app/shops/[shopPublicId]/domains/[domainId].ts","dashboard","session->membership(shopPublicId)","session+shop","csrf+recent-auth","domains:manage","d1-transaction","app.domains","live","domain_projection",""
"POST","/api/app/shops/:shopPublicId/domains/:domainId/checks","src/pages/api/app/shops/[shopPublicId]/domains/[domainId]/checks.ts","dashboard","session->membership(shopPublicId)","session+shop","csrf+recent-auth","domains:manage","d1-transaction","app.domains","live","domain_check_projection",""
"PUT","/api/app/shops/:shopPublicId/domains/:domainId/primary","src/pages/api/app/shops/[shopPublicId]/domains/[domainId]/primary.ts","dashboard","session->membership(shopPublicId)","session+shop","csrf+recent-auth","domains:manage","d1-transaction","app.domains","live","domain_projection",""
"GET","/api/app/shops/:shopPublicId/domains","src/pages/api/app/shops/[shopPublicId]/domains/index.ts","dashboard","session->membership(shopPublicId)","session+shop","session+domains:read","domains:manage","d1-projection","app.domains","external_pending","domain_projection","External hostname provisioning is external/provider pending; hostname is immutable after create."
"POST","/api/app/shops/:shopPublicId/domains","src/pages/api/app/shops/[shopPublicId]/domains/index.ts","dashboard","session->membership(shopPublicId)","session+shop","csrf+recent-auth","domains:manage","d1-transaction","app.domains","external_pending","domain_projection","External hostname provisioning is external/provider pending; hostname is immutable after create."
"POST","/api/app/shops/:shopPublicId/exports/:exportId/download","src/pages/api/app/shops/[shopPublicId]/exports/[exportId]/download.ts","dashboard","session->membership(shopPublicId)","session+shop","csrf+recent-auth","data:export","d1-transaction","app.audit-exports","live","private_export_attachment",""
"GET","/api/app/shops/:shopPublicId/exports","src/pages/api/app/shops/[shopPublicId]/exports/index.ts","dashboard","session->membership(shopPublicId)","session+shop","session+owner","data:export","d1-projection","app.audit-exports","live","export_projection",""
"POST","/api/app/shops/:shopPublicId/exports","src/pages/api/app/shops/[shopPublicId]/exports/index.ts","dashboard","session->membership(shopPublicId)","session+shop","csrf+recent-auth","data:export","d1-transaction","app.audit-exports","live","export_projection",""
"GET","/api/app/shops/:shopPublicId/channels/catalog","src/pages/api/app/shops/[shopPublicId]/channels/catalog.ts","dashboard","session->membership(shopPublicId)","session+shop","session+shop:read","shop:read","d1-projection","app.channels","provider_pending","channel_expansion_catalog","Safe capability manifests for Telegram Mini App, Zalo Mini App, WhatsApp Cloud and Discord bot; no credentials or provider payloads."
"GET","/api/app/shops/:shopPublicId/channels/requests","src/pages/api/app/shops/[shopPublicId]/channels/requests.ts","dashboard","session->membership(shopPublicId)","session+shop","session+shop:read","shop:read","d1-projection","app.channels","provider_pending","channel_connector_request_projection","Tenant-bound connector intent list; status is not provider activation."
"POST","/api/app/shops/:shopPublicId/channels/requests","src/pages/api/app/shops/[shopPublicId]/channels/requests.ts","dashboard","session->membership(shopPublicId)","session+shop","csrf+recent-auth+idempotency","integrations:manage","d1-transaction","app.channels","provider_pending","channel_connector_request_projection","Creates migrations-0055/0056 connector intent with idempotent tenant scope and direct-D1 insert guards; never accepts inline secrets or marks a provider active."
"DELETE","/api/app/shops/:shopPublicId/channels/requests/:requestPublicId","src/pages/api/app/shops/[shopPublicId]/channels/requests/[requestPublicId].ts","dashboard","session->membership(shopPublicId)","session+shop","csrf+recent-auth+idempotency+expected-version","integrations:manage","d1-transaction","app.channels","provider_pending","channel_connector_request_projection","Self-cancels requested/provider_pending intent with CAS version guard; immutable request row is retained and migration-0056 protects direct inserts."
"GET","/api/app/shops/:shopPublicId/channels/credentials","src/pages/api/app/shops/[shopPublicId]/channels/credentials/index.ts","dashboard","session->membership(shopPublicId)","session+shop","session+recent-auth","integrations:manage","d1-projection","app.channels.credentials","provider_pending","channel_credential_projection","Returns only tenant-bound credential metadata; encrypted envelope, IV, fingerprint and plaintext are never returned."
"POST","/api/app/shops/:shopPublicId/channels/credentials","src/pages/api/app/shops/[shopPublicId]/channels/credentials/index.ts","dashboard","session->membership(shopPublicId)","session+shop","csrf+recent-auth+idempotency","integrations:manage","d1-transaction","app.channels.credentials","provider_pending","channel_credential_projection","Accepts only an encrypted envelope for a known connection, persists status=pending and never activates a provider or accepts plaintext secrets."
"GET","/api/app/shops/:shopPublicId/integrations/telegram","src/pages/api/app/shops/[shopPublicId]/integrations/telegram.ts","dashboard","session->membership(shopPublicId)","session+shop","session+integrations:manage","integrations:manage","d1-projection","app.integrations.telegram","provider_pending","provider_safe_projection","Bot token and webhook secret are never returned."
"PUT","/api/app/shops/:shopPublicId/integrations/telegram","src/pages/api/app/shops/[shopPublicId]/integrations/telegram.ts","dashboard","session->membership(shopPublicId)","session+shop","csrf+recent-auth","integrations:manage","d1-transaction","app.integrations.telegram","provider_pending","provider_config_projection","Bot token and webhook secret are never returned."
"DELETE","/api/app/shops/:shopPublicId/integrations/telegram","src/pages/api/app/shops/[shopPublicId]/integrations/telegram.ts","dashboard","session->membership(shopPublicId)","session+shop","csrf+recent-auth","integrations:manage","d1-transaction","app.integrations.telegram","provider_pending","provider_config_projection","Bot token and webhook secret are never returned."
"POST","/api/app/shops/:shopPublicId/integrations/telegram/health-checks","src/pages/api/app/shops/[shopPublicId]/integrations/telegram/health-checks.ts","dashboard","session->membership(shopPublicId)","session+shop","csrf+recent-auth","integrations:manage","d1-transaction","app.integrations.telegram","provider_pending","provider_health_projection",""
"GET","/api/app/shops/:shopPublicId/integrations/telegram/menu","src/pages/api/app/shops/[shopPublicId]/integrations/telegram/menu.ts","dashboard","session->membership(shopPublicId)","session+shop","session+integrations:read","integrations:read","d1-projection","app.integrations.telegram.menu","live","telegram_menu_config_projection","Returns tenant Telegram bot menu and industry preset configuration."
"POST","/api/app/shops/:shopPublicId/integrations/telegram/menu","src/pages/api/app/shops/[shopPublicId]/integrations/telegram/menu.ts","dashboard","session->membership(shopPublicId)","session+shop","csrf+recent-auth","integrations:manage","d1-transaction","app.integrations.telegram.menu","live","telegram_menu_config_projection","Updates tenant Telegram bot menu and industry preset configuration."
"POST","/api/channels/telegram-mini-app/sessions/:shopPublicId","src/pages/api/channels/telegram-mini-app/sessions/[shopPublicId].ts","channel","shopPublicId->active tenant context","public Telegram initData exchange","bounded body+rate-limit+replay+no-store","telegram.mini_app","d1-transaction","channels.telegram-mini-app.session","contract_ready","opaque_session_projection","Requires active Telegram integration, active credential version, active connector request and valid subscription; provider activation remains external."
"POST","/api/app/shops/:shopPublicId/moderation/actions","src/pages/api/app/shops/[shopPublicId]/moderation/actions.ts","dashboard","session->membership(shopPublicId)","session+shop","csrf+recent-auth+idempotency","moderation:manage","d1-transaction","app.moderation","live","moderation_projection",""
"PUT","/api/app/shops/:shopPublicId/onboarding/channels","src/pages/api/app/shops/[shopPublicId]/onboarding/channels.ts","dashboard","session->membership(shopPublicId)","session+shop","csrf+recent-auth+owner","onboarding:manage","d1-transaction","app.onboarding","live","mutation_projection",""
"GET","/api/app/shops/:shopPublicId/onboarding","src/pages/api/app/shops/[shopPublicId]/onboarding/index.ts","dashboard","session->membership(shopPublicId)","session+shop","session+owner","onboarding:read","d1-projection","app.onboarding","live","safe_json_projection",""
"PUT","/api/app/shops/:shopPublicId/onboarding/settings","src/pages/api/app/shops/[shopPublicId]/onboarding/settings.ts","dashboard","session->membership(shopPublicId)","session+shop","csrf+recent-auth+owner","onboarding:manage","d1-transaction","app.onboarding","live","mutation_projection",""
"GET","/api/app/shops/:shopPublicId/onboarding/overview","src/pages/api/app/shops/[shopPublicId]/onboarding/overview.ts","dashboard","session->membership(shopPublicId)","session+shop","session+shop:read","shop:read","d1-projection","app.onboarding","live","safe_json_projection",""
"POST","/api/app/shops/:shopPublicId/onboarding/seed-preset","src/pages/api/app/shops/[shopPublicId]/onboarding/seed-preset.ts","dashboard","session->membership(shopPublicId)","session+shop","csrf+recent-auth+owner","onboarding:manage","d1-transaction","app.onboarding","live","mutation_projection",""
"POST","/api/app/shops/:shopPublicId/onboarding/test-order","src/pages/api/app/shops/[shopPublicId]/onboarding/test-order.ts","dashboard","session->membership(shopPublicId)","session+shop","csrf+recent-auth+owner","onboarding:manage","d1-transaction","app.onboarding","live","dry_run_projection","Dry-run only: no order, payment, reservation or fulfillment side effect."
"GET","/api/app/shops/:shopPublicId/bookings","src/pages/api/app/shops/[shopPublicId]/bookings/index.ts","dashboard","session->membership(shopPublicId)","session+shop","session+orders:read","orders:read","d1-projection","app.orders","live","seller_booking_projection","Calendar feed: appointments overlapping rangeStart/rangeEnd in shop time; cancelled hidden."
"POST","/api/app/shops/:shopPublicId/bookings/:bookingId","src/pages/api/app/shops/[shopPublicId]/bookings/[bookingId].ts","dashboard","session->membership(shopPublicId)","session+shop","csrf+recent-auth","fulfillment:manage","d1-transaction","app.orders","live","seller_booking_projection","Transition booked → completed/no_show/cancelled; state machine + audit."
"POST","/api/app/shops/:shopPublicId/booking-resources","src/pages/api/app/shops/[shopPublicId]/booking-resources.ts","dashboard","session->membership(shopPublicId)","session+shop","csrf+catalog:manage","catalog:manage","d1-transaction","app.catalog","live","booking_resource_projection","Create resource {name, roleLabel} or set weekly window {resourceId, weekday, startMinute, endMinute}."
"GET","/api/app/shops/:shopPublicId/orders/:orderId","src/pages/api/app/shops/[shopPublicId]/orders/[orderId].ts","dashboard","session->membership(shopPublicId)","session+shop","session+shop:read","shop:read","d1-projection","app.orders","live","private_order_admin_projection",""
"GET","/api/app/shops/:shopPublicId/metrics/range","src/pages/api/app/shops/[shopPublicId]/metrics/range.ts","storefront","hostname->active shop; member shop:read","session_cookie","session","d1-read","seller.metrics","live","metrics_range_projection","EX3.1: per-day SUM(total_minor) over paid orders grouped by currency; foreign-currency rows counted, never summed; days=7|30."
"GET","/api/app/shops/:shopPublicId/discounts","src/pages/api/app/shops/[shopPublicId]/discounts/index.ts","dashboard","session member (catalog:read)","active_session","","catalog:read","d1-read","ex.discounts","live","seller_discount_list","EX3.4b seller promo management; reads the same discounts rows the storefront quote re-validates atomically."
"POST","/api/app/shops/:shopPublicId/discounts","src/pages/api/app/shops/[shopPublicId]/discounts/index.ts","dashboard","session member (catalog:manage)","active_session","csrf+idempotency-capable","catalog:manage","d1-transaction","ex.discounts","live","seller_discount_projection","EX3.4b; forward-only lifecycle (create + status flips, no edits/deletes); fixed-value discounts bind the shop currency; audit-logged."
"PATCH","/api/app/shops/:shopPublicId/discounts/:discountId","src/pages/api/app/shops/[shopPublicId]/discounts/[discountId].ts","dashboard","session member (catalog:manage)","active_session","csrf","catalog:manage","d1-transaction","ex.discounts","live","seller_discount_projection","EX3.4b enable/disable only; audited as seller.discount.enabled/disabled."
"GET","/api/app/shops/:shopPublicId/today","src/pages/api/app/shops/[shopPublicId]/today.ts","storefront","hostname->active shop; member shop:read (sections degrade by role)","session_cookie","session+etag-conditional","d1-read","seller.today","live","today_snapshot_projection","EX3.2: cockpit read model (health/metrics/queue/activity/recentOrders with six-state sections); owner-only sections surface forbidden, never empty."
"POST","/api/app/shops/:shopPublicId/orders/:orderId/manual-fulfillments","src/pages/api/app/shops/[shopPublicId]/orders/[orderId]/manual-fulfillments.ts","dashboard","session->membership(shopPublicId)","session+shop","csrf+recent-auth+idempotency","fulfillment:manage","d1-transaction","app.orders","live","manual_fulfillment_projection","Immutable seller-attested per-item ledger; external reference is not echoed as provider data."
"POST","/api/app/shops/:shopPublicId/orders/:orderId/shipping","src/pages/api/app/shops/[shopPublicId]/orders/[orderId]/shipping.ts","dashboard","session->membership(shopPublicId)","session+shop","csrf+recent-auth","fulfillment:manage","d1-transaction","app.orders","live","shipping_dispatch_projection","Physical dispatch progress (packing/shipped/delivered) with carrier and tracking; paid orders only."
"GET","/api/app/shops/:shopPublicId/orders","src/pages/api/app/shops/[shopPublicId]/orders/index.ts","dashboard","session->membership(shopPublicId)","session+shop","session+shop:read","shop:read","d1-projection","app.orders","live","safe_json_projection",""
"GET","/api/app/shops/:shopPublicId/payments/exceptions","src/pages/api/app/shops/[shopPublicId]/payments/exceptions.ts","dashboard","session->membership(shopPublicId)","session+shop","session+payments:manage","payments:manage","d1-projection","app.payments.payos","live","payment_exception_projection",""
"GET","/api/app/shops/:shopPublicId/payments/payos","src/pages/api/app/shops/[shopPublicId]/payments/payos.ts","dashboard","session->membership(shopPublicId)","session+shop","session+payments:manage","payments:manage","d1-projection","app.payments.payos","provider_pending","provider_safe_projection","PayOS secrets are write-only and never returned."
"PUT","/api/app/shops/:shopPublicId/payments/payos","src/pages/api/app/shops/[shopPublicId]/payments/payos.ts","dashboard","session->membership(shopPublicId)","session+shop","csrf+recent-auth","payments:manage","d1-transaction","app.payments.payos","provider_pending","provider_config_projection","PayOS secrets are write-only and never returned."
"DELETE","/api/app/shops/:shopPublicId/payments/payos","src/pages/api/app/shops/[shopPublicId]/payments/payos.ts","dashboard","session->membership(shopPublicId)","session+shop","csrf+recent-auth","payments:manage","d1-transaction","app.payments.payos","provider_pending","provider_config_projection","PayOS secrets are write-only and never returned."
"POST","/api/app/shops/:shopPublicId/payments/payos/health-checks","src/pages/api/app/shops/[shopPublicId]/payments/payos/health-checks.ts","dashboard","session->membership(shopPublicId)","session+shop","csrf+recent-auth","payments:manage","d1-transaction","app.payments.payos","provider_pending","provider_health_projection",""
"PUT","/api/app/shops/:shopPublicId/products/:productId","src/pages/api/app/shops/[shopPublicId]/products/[productId].ts","dashboard","session->membership(shopPublicId)","session+shop","csrf+catalog:manage","catalog:manage","d1-transaction","app.catalog","live","mutation_projection",""
"POST","/api/app/shops/:shopPublicId/products/:productId/private-file-policy","src/pages/api/app/shops/[shopPublicId]/products/[productId]/private-file-policy.ts","dashboard","session->membership(shopPublicId)","session+shop","csrf+catalog:manage","catalog:manage","d1-transaction","app.inventory","live","private_file_policy_projection",""
"GET","/api/app/shops/:shopPublicId/products/:productId/images","src/pages/api/app/shops/[shopPublicId]/products/[productId]/images.ts","dashboard","session->membership(shopPublicId)","session+shop","session+catalog:read","catalog:read","d1-projection","app.catalog","live","product_image_projection",""
"POST","/api/app/shops/:shopPublicId/products/:productId/images","src/pages/api/app/shops/[shopPublicId]/products/[productId]/images.ts","dashboard","session->membership(shopPublicId)","session+shop","csrf+catalog:manage","catalog:manage","d1-transaction","app.catalog","live","product_image_projection","Attaches an active shop media asset to the product; composite tenant keys keep image, product, and asset in one shop."
"DELETE","/api/app/shops/:shopPublicId/products/:productId/images","src/pages/api/app/shops/[shopPublicId]/products/[productId]/images.ts","dashboard","session->membership(shopPublicId)","session+shop","csrf+catalog:manage","catalog:manage","d1-transaction","app.catalog","live","product_image_projection","Soft-deletes the assignment; the media asset itself stays for other references."
"POST","/api/app/shops/:shopPublicId/products/:productId/variants","src/pages/api/app/shops/[shopPublicId]/products/[productId]/variants.ts","dashboard","session->membership(shopPublicId)","session+shop","csrf+catalog:manage","catalog:manage","d1-transaction","app.catalog","live","mutation_projection",""
"POST","/api/app/shops/:shopPublicId/products","src/pages/api/app/shops/[shopPublicId]/products/index.ts","dashboard","session->membership(shopPublicId)","session+shop","csrf+catalog:manage;idempotency-for-initial-variant","catalog:manage","d1-transaction","app.catalog","live","mutation_projection",""
"GET","/api/app/shops/:shopPublicId/products/:productId/stock","src/pages/api/app/shops/[shopPublicId]/products/[productId]/stock.ts","dashboard","session->membership(shopPublicId)","session+shop","session+catalog:read","catalog:read","d1-projection","app.catalog","live","variant_stock_projection","Physical stock levels per variant for the editor."
"POST","/api/app/shops/:shopPublicId/products/:productId/stock","src/pages/api/app/shops/[shopPublicId]/products/[productId]/stock.ts","dashboard","session->membership(shopPublicId)","session+shop","csrf+catalog:manage","catalog:manage","d1-transaction","app.catalog","live","variant_stock_projection","Sets on-hand for one shipping variant; reserved stays checkout-owned."
"GET","/api/app/shops/:shopPublicId/shipping-methods","src/pages/api/app/shops/[shopPublicId]/shipping-methods.ts","dashboard","session->membership(shopPublicId)","session+shop","session+catalog:read","catalog:read","d1-projection","app.catalog","live","shipping_method_projection",""
"POST","/api/app/shops/:shopPublicId/shipping-methods","src/pages/api/app/shops/[shopPublicId]/shipping-methods.ts","dashboard","session->membership(shopPublicId)","session+shop","csrf+catalog:manage","catalog:manage","d1-transaction","app.catalog","live","shipping_method_projection","Flat fee plus optional free-over threshold."
"PATCH","/api/app/shops/:shopPublicId/shipping-methods/:methodId","src/pages/api/app/shops/[shopPublicId]/shipping-methods/[methodId].ts","dashboard","session->membership(shopPublicId)","session+shop","csrf+catalog:manage","catalog:manage","d1-transaction","app.catalog","live","shipping_method_projection","Update fields or archive via {status:archived}."
"POST","/api/app/shops/:shopPublicId/readiness/checks","src/pages/api/app/shops/[shopPublicId]/readiness/checks.ts","dashboard","session->membership(shopPublicId)","session+shop","csrf+recent-auth+owner","readiness:manage","d1-transaction","app.onboarding","live","readiness_projection",""
"GET","/api/app/shops/:shopPublicId/readiness","src/pages/api/app/shops/[shopPublicId]/readiness/index.ts","dashboard","session->membership(shopPublicId)","session+shop","session+owner","readiness:read","d1-projection","app.onboarding","live","readiness_projection",""
"GET","/api/app/shops/:shopPublicId/settings","src/pages/api/app/shops/[shopPublicId]/settings.ts","dashboard","session->membership(shopPublicId)","session+shop","session+shop:read","shop:read","d1-projection","app.storefront","live","safe_storefront_projection","Settings is the current storefront-draft alias; PATCH is optimistic-versioned."
"PATCH","/api/app/shops/:shopPublicId/settings","src/pages/api/app/shops/[shopPublicId]/settings.ts","dashboard","session->membership(shopPublicId)","session+shop","csrf+recent-auth+expected-version","storefront:manage","d1-transaction","app.storefront","live","draft_projection","Settings is the current storefront-draft alias; PATCH is optimistic-versioned."
"PUT","/api/app/shops/:shopPublicId/settings/low-stock-threshold","src/pages/api/app/shops/[shopPublicId]/settings/low-stock-threshold.ts","dashboard","session->membership(shopPublicId)","session+shop","csrf+recent-auth+idempotency","storefront:manage","d1-transaction","app.storefront","live","mutation_projection","Updates the low-stock alert threshold with an optimistic version guard; Idempotency-Key is mandatory."
"POST","/api/app/shops/:shopPublicId/storefront/publish","src/pages/api/app/shops/[shopPublicId]/storefront/publish.ts","dashboard","session->membership(shopPublicId)","session+shop","csrf+recent-auth+expected-version","storefront:publish","d1-transaction","app.storefront","live","publication_projection",""
"PUT","/api/app/shops/:shopPublicId/variants/:variantId","src/pages/api/app/shops/[shopPublicId]/variants/[variantId].ts","dashboard","session->membership(shopPublicId)","session+shop","csrf+catalog:manage","catalog:manage","d1-transaction","app.catalog","live","mutation_projection",""
"POST","/api/app/shops/:shopPublicId/variants/:variantId/inventory/import","src/pages/api/app/shops/[shopPublicId]/variants/[variantId]/inventory/import.ts","dashboard","session->membership(shopPublicId)","session+shop","csrf+recent-auth+idempotency","catalog:manage","d1-transaction","app.inventory","live","inventory_import_projection",""
"POST","/api/app/shops/:shopPublicId/variants/:variantId/inventory/preview","src/pages/api/app/shops/[shopPublicId]/variants/[variantId]/inventory/preview.ts","dashboard","session->membership(shopPublicId)","session+shop","csrf+recent-auth","catalog:manage","d1-transaction","app.inventory","live","inventory_preview_projection","Preview token binds tenant, variant, user and exact payload; plaintext input is not retained."
"POST","/api/app/shops","src/pages/api/app/shops/index.ts","dashboard","session->new shop","session","csrf+idempotency","shop:create","d1-transaction","app.shop","live","mutation_projection",""
"POST","/api/auth/login","src/pages/api/auth/login.ts","auth","session/user","public","exact-origin+rate-limit","account:login","d1-transaction","auth.login","live","safe_user_credentials","Password authentication with timing defense and account lockout."
"POST","/api/auth/login-2fa","src/pages/api/auth/login-2fa.ts","auth","session/user","public","exact-origin+rate-limit","account:login","d1-transaction","auth.login","live","safe_user_credentials","Email-OTP second factor completing a 2FA challenge; issues session cookies only after OTP verification."
"POST","/api/auth/csrf/refresh","src/pages/api/auth/csrf/refresh.ts","auth","session/user","active_session","exact-origin+session-cookie","account:security","d1-transaction","auth.csrf.refresh","live","csrf_cookie_projection","Rotates the CSRF cookie only for the authenticated dashboard origin; it never accepts a caller-supplied token and does not change the session identity."
"POST","/api/auth/register","src/pages/api/auth/register.ts","auth","session/user","public","exact-origin+rate-limit","account:register","d1-transaction","auth.register","live","safe_registration_response","Creates pending account and dispatches 6-digit email OTP."
"POST","/api/auth/forgot-password","src/pages/api/auth/forgot-password.ts","auth","session/user","public","exact-origin+rate-limit","account:recovery","d1-transaction","auth.forgot_password","live","safe_cooldown_projection","Generic response preventing account enumeration; dispatches reset OTP."
"POST","/api/auth/reset-password","src/pages/api/auth/reset-password.ts","auth","session/user","public","exact-origin+rate-limit","account:recovery","d1-transaction","auth.reset_password","live","empty_or_safe_json","Verifies OTP, resets password and revokes all active sessions."
"POST","/api/auth/otp/verify","src/pages/api/auth/otp/verify.ts","auth","session/user","public","exact-origin+rate-limit","account:verification","d1-transaction","auth.otp_verify","live","safe_user_credentials","Verifies 6-digit email OTP, activates user and issues session."
"POST","/api/auth/otp/resend","src/pages/api/auth/otp/resend.ts","auth","session/user","public","exact-origin+rate-limit","account:verification","d1-transaction","auth.otp_resend","live","safe_cooldown_projection","Resends OTP enforcing 60s cooldown limit."
"POST","/api/auth/logout","src/pages/api/auth/logout.ts","auth","session/user","session","csrf","shop:read","d1-transaction","auth.health","live","empty_or_safe_json","Revokes the opaque session and clears cookies."
"GET","/api/auth/magic-link/consume","src/pages/api/auth/magic-link/consume.ts","auth","initiation-cookie->user","initiation-cookie+one-time-token","none","shop:read","d1-transaction","auth.health","live","redirect_session","One-time purpose-bound token sets rotated session/CSRF cookies and redirects to /app."
"POST","/api/auth/magic-link/request","src/pages/api/auth/magic-link/request.ts","auth","session/user","public","exact-origin+rate-limit","shop:read","d1-transaction","auth.health","live","safe_json_projection","Accepted response does not reveal mailbox existence; local debug link is never production behavior."
"GET","/api/auth/session","src/pages/api/auth/session.ts","auth","session/user","session","none","shop:read","session-projection","auth.health","live","safe_json_projection","Safe user projection only; no token or credential fields."
"GET","/api/health","src/pages/api/health.ts","health","none","public","none","","health-marker","auth.health","live","health_marker","Canonical Website/Telegram commerce marker; no sensitive binding or provider data."
"POST","/api/store/abuse-reports","src/pages/api/store/abuse-reports.ts","storefront","hostname->active shop","public","origin+rate-limit+header-idempotency+turnstile","","d1-transaction","store.abuse","live","safe_report_projection","Reporter contact is hashed; summary is sanitized and never echoed raw."
"GET","/api/store/booking/slots","src/pages/api/store/booking/slots.ts","storefront","hostname->active shop","shop-liveness","service-variant-bound","","d1-projection","store.booking","live","booking_slot_projection","Availability computed from resource schedules minus holds and bookings in the shop timezone."
"POST","/api/store/cart","src/pages/api/store/cart.ts","storefront","hostname->active shop","public","origin+rate-limit;idempotency-key-for-mutation","","d1-transaction","store.cart","live","opaque_cart_capability","One POST handles create and mutation; cartId/cartToken are secret capabilities and there is no cart GET."
"GET","/api/store/catalog","src/pages/api/store/catalog.ts","storefront","hostname->active shop","public","hostname-resolution","","d1-projection","store.catalog","live","public_catalog_projection","Hostname is tenant authority; inventory ciphertext and private keys never enter the projection."
"POST","/api/store/checkout","src/pages/api/store/checkout.ts","storefront","hostname->active shop","public","origin+rate-limit+header-idempotency","","d1-transaction","store.checkout","live","order_projection+order_token","Checkout success means order creation only; never infer paid or fulfilled."
"POST","/api/store/checkout/intent","src/pages/api/store/checkout/intent.ts","storefront","hostname->active shop","public","origin+rate-limit+body-idempotency","","d1-transaction","store.checkout","live","checkout_recovery_evidence","Creates no paid state; body idempotency binds the exact checkout snapshot."
"POST","/api/store/checkout/recover","src/pages/api/store/checkout/recover.ts","storefront","hostname->active shop","public","origin+rate-limit+body-idempotency","","d1-transaction","store.checkout","live","order_projection+order_token","Recovery is replay-safe and returns the existing order projection only."
"GET","/api/store/orders/:orderPublicId","src/pages/api/store/orders/[orderPublicId].ts","storefront","hostname->active shop; order token->order","order-access-token","order-access-token","","d1-projection","store.order-access","live","private_order_projection","Invalid order token maps to a non-disclosing not-found response."
"GET","/api/store/orders/:orderPublicId/downloads","src/pages/api/store/orders/[orderPublicId]/downloads.ts","storefront","hostname->active shop; order token->order","order-access-token","order-access-token","","d1-projection","store.delivery","live","private_download_projection",""
"POST","/api/store/orders/:orderPublicId/downloads/:assetVersionId/grant","src/pages/api/store/orders/[orderPublicId]/downloads/[assetVersionId]/grant.ts","storefront","hostname->active shop; order token->order","order-access-token","order-token+item-proof+header-idempotency","","d1-transaction","store.delivery","live","short_lived_download_grant","Grant is one-time/short-lived and never belongs in URLs or analytics."
"POST","/api/store/orders/:orderPublicId/downloads/grants/:grantId/consume","src/pages/api/store/orders/[orderPublicId]/downloads/grants/[grantId]/consume.ts","storefront","hostname->active shop; order token->order","order-access-token","order-token+download-grant","","d1-transaction","store.delivery","live","private_binary_attachment","Binary delivery only after ownership, entitlement and TTL fences."
"GET","/api/store/orders/:orderPublicId/keys","src/pages/api/store/orders/[orderPublicId]/keys.ts","storefront","hostname->active shop; order token->order","order-access-token","order-access-token","","d1-projection","store.delivery","live","private_secret_projection","Plaintext keys require fulfillment fences; private/no-store and never logged or persisted."
"POST","/api/store/orders/:orderPublicId/payment-link","src/pages/api/store/orders/[orderPublicId]/payment-link.ts","storefront","hostname->active shop; order token->order","order-access-token","order-access-token","","d1-transaction","store.order-access","live","payment_handoff_projection","QR/return URL is presentation only and never confirms payment."
"POST","/api/store/orders/:orderPublicId/recovery","src/pages/api/store/orders/[orderPublicId]/recovery.ts","storefront","hostname->active shop; public order id+normalized checkout email","public","exact-origin+requester-rate-limit","","d1-transaction","store.order-access","live","generic_recovery_acceptance","Response is non-enumerating; D1 stores only purpose-bound token and recipient hashes, and the email link carries the token in the URL fragment."
"POST","/api/store/orders/:orderPublicId/recovery/consume","src/pages/api/store/orders/[orderPublicId]/recovery/consume.ts","storefront","hostname->active shop; single-use recovery token->order","single-use-recovery-token","exact-origin+one-time-token","","d1-transaction","store.order-access","live","order_projection+rotated_order_token","Atomic consume rotates the authoritative order access hash; replay, expiry and cross-tenant use fail without disclosing order data."
"POST","/api/store/orders/lookup","src/pages/api/store/orders/lookup.ts","storefront","hostname->active shop; checkout-email HMAC index (migration 0107)","public","exact-origin+turnstile+anonymous-rate-limit (order-lookup window)","","d1-read","store.order-lookup","live","order_lookup_summary","Masked summaries only (no tokens, keys, or addresses); uniform success payload prevents buyer enumeration; opening an order still requires the per-order recovery flow."
"GET","/api/app/shops/:shopPublicId/today","src/pages/api/app/shops/[shopPublicId]/today.ts","dashboard","session member (shop:read)","active_session","etag-conditional-read","shop:read","d1-read","ex.today","live","today_snapshot","EX3.2 cockpit read model; per-section WorkspaceDataState; ETag/304 for the freshness poller; owner-only sections degrade to forbidden, never empty."
"GET","/api/app/shops/:shopPublicId/metrics/range","src/pages/api/app/shops/[shopPublicId]/metrics/range.ts","dashboard","session member (shop:read)","active_session","","shop:read","d1-read","ex.metrics","live","metrics_range","EX3.1 real revenue series (7/30 days, shop-timezone day buckets, foreign-currency paid orders counted not summed)."
"GET","/api/store/products/:slug","src/pages/api/store/products/[slug].ts","storefront","hostname->active shop","public","hostname-resolution","","d1-projection","store.catalog","live","public_product_projection",""
"POST","/api/store/quote","src/pages/api/store/quote.ts","storefront","hostname->active shop","public","origin+rate-limit","","d1-transaction","store.quote","live","authoritative_quote","Server computes price, stock and version evidence; client must not derive totals."
"GET","/api/v1/catalog","src/pages/api/v1/catalog.ts","external_api","bearer credential->shop","bearer_api_credential","credential-rate-limit","catalog:read","d1-projection","external.v1","service_only","safe_external_projection","60 requests/minute/credential; shopPublicId cannot override credential tenant."
"GET","/api/v1/inventory","src/pages/api/v1/inventory.ts","external_api","bearer credential->shop","bearer_api_credential","credential-rate-limit+bounded-pagination","inventory:read","d1-projection","external.v1","service_only","safe_external_projection","60 requests/minute/credential; aggregate stock counts only; opaque cursor and limit are bounded; shopPublicId cannot override credential tenant."
"GET","/api/v1/orders","src/pages/api/v1/orders.ts","external_api","bearer credential->shop","bearer_api_credential","credential-rate-limit+bounded-pagination","orders:read","d1-projection","external.v1","service_only","safe_external_projection","60 requests/minute/credential; customer/provider/payment internals are redacted; opaque cursor and limit are bounded; shopPublicId cannot override credential tenant."
"GET","/api/v1/shop","src/pages/api/v1/shop.ts","external_api","bearer credential->shop","bearer_api_credential","credential-rate-limit","shop:read","d1-projection","external.v1","service_only","safe_external_projection","60 requests/minute/credential; shopPublicId cannot override credential tenant."
"POST","/webhooks/payos/:webhookPublicId","src/pages/webhooks/payos/[webhookPublicId].ts","webhook","webhook public id->shop","payos-signed-event","signature+replay-guard","","verified-event-transaction","webhooks.payos","provider_pending","webhook_decision","Only verified, idempotent provider events may change payment, order or fulfillment state."
"POST","/webhooks/telegram/:webhookPublicId","src/pages/webhooks/telegram/[webhookPublicId].ts","webhook","webhook public id->shop","telegram-signed-event","signature+replay-guard","","verified-event-transaction","webhooks.telegram","provider_pending","webhook_decision","Runtime commerce handler is implemented locally; maturity stays provider_pending until a real bot, signed webhook and seller-pilot acceptance are recorded. Only verified, idempotent provider events may change payment, order or fulfillment state."
"GET","/api/admin/investigations/orders","src/pages/api/admin/investigations/orders.ts","admin","platform_admin","active_admin","admin-role","platform:read","d1-projection","admin.investigations","live","masked_order_investigation","Bounded cursor/search/status/shop filters; customer email and payment evidence are masked/allowlisted."
"GET","/api/admin/investigations/audit","src/pages/api/admin/investigations/audit.ts","admin","platform_admin","active_admin","admin-role","platform:read","d1-projection","admin.investigations","live","safe_audit_projection","Bounded cursor/filter explorer; metadata strips sensitive key names and non-scalar values."
"GET","/api/app/shops/:shopPublicId/members/invitations","src/pages/api/app/shops/[shopPublicId]/members/invitations/index.ts","dashboard","session->membership(shopPublicId)","session+shop","session+team:manage","team:manage","d1-projection","app.members","live","member_invitation_projection","Email is masked and tenant-bound."
"POST","/api/app/shops/:shopPublicId/members/invitations","src/pages/api/app/shops/[shopPublicId]/members/invitations/index.ts","dashboard","session->membership(shopPublicId)","session+shop","csrf+recent-auth+idempotency","team:manage","d1-transaction","app.members","live","member_invitation_projection","Token is hashed and only local debug mode can return the acceptance token."
"POST","/api/app/shops/:shopPublicId/members/invitations/:invitationPublicId","src/pages/api/app/shops/[shopPublicId]/members/invitations/[invitationPublicId].ts","dashboard","session->membership(shopPublicId)","session+shop","csrf+recent-auth+idempotency+expected-version","team:manage","d1-transaction","app.members","live","member_invitation_projection","POST resends the hashed token for pending/expired invitations; DELETE revokes; plaintext is never stored."
"DELETE","/api/app/shops/:shopPublicId/members/invitations/:invitationPublicId","src/pages/api/app/shops/[shopPublicId]/members/invitations/[invitationPublicId].ts","dashboard","session->membership(shopPublicId)","session+shop","csrf+recent-auth+idempotency+expected-version","team:manage","d1-transaction","app.members","live","member_invitation_projection","Pending invitation revoke only; optimistic conflict returns 409."
"PATCH","/api/app/shops/:shopPublicId/members/:memberPublicId","src/pages/api/app/shops/[shopPublicId]/members/[memberPublicId].ts","dashboard","session->membership(shopPublicId)","session+shop","csrf+recent-auth+idempotency+expected-version","team:manage","d1-transaction","app.members","live","member_projection","Owner/self membership is protected."
"DELETE","/api/app/shops/:shopPublicId/members/:memberPublicId","src/pages/api/app/shops/[shopPublicId]/members/[memberPublicId].ts","dashboard","session->membership(shopPublicId)","session+shop","csrf+recent-auth+idempotency+expected-version","team:manage","d1-transaction","app.members","live","member_projection","Suspends active non-owner membership; does not hard-delete."
"POST","/api/auth/member-invitations/accept","src/pages/api/auth/member-invitations/accept.ts","auth","token->invitation->shop","authenticated_user","token+email-match","shop:read","d1-transaction","auth.member-invitations","live","member_projection","Conditional one-time acceptance; cross-email and expired tokens fail closed."
"GET","/api/app/shops/:shopPublicId/customers/:customerPublicId","src/pages/api/app/shops/[shopPublicId]/customers/[customerPublicId].ts","dashboard","session->membership(shopPublicId)","session+shop","session+shop:read","shop:read","d1-projection","app.customers","live","customer_detail_projection","Masked email, bounded order history and safe internal-note projection."
"PATCH","/api/app/shops/:shopPublicId/customers/:customerPublicId","src/pages/api/app/shops/[shopPublicId]/customers/[customerPublicId].ts","dashboard","session->membership(shopPublicId)","session+shop","csrf+recent-auth+idempotency+expected-version","customers:manage","d1-transaction","app.customers","live","customer_detail_projection","Display name, locale and active/blocked status only."
"POST","/api/app/shops/:shopPublicId/customers/:customerPublicId/notes","src/pages/api/app/shops/[shopPublicId]/customers/[customerPublicId]/notes/index.ts","dashboard","session->membership(shopPublicId)","session+shop","csrf+recent-auth+idempotency","customers:manage","d1-transaction","app.customers","live","customer_note_projection","Append-only internal note; body bounded to 4000 characters."
"POST","/api/app/shops/:shopPublicId/customers/:customerPublicId/privacy","src/pages/api/app/shops/[shopPublicId]/customers/[customerPublicId]/privacy.ts","dashboard","session->membership(shopPublicId)","session+shop","csrf+recent-auth+idempotency","customers:manage","d1-transaction","app.customers.privacy","live","buyer_privacy_projection","Export is allowlisted and tenant-bound; anonymization blocks active operational records and retains financial/audit references."
"DELETE","/api/app/shops/:shopPublicId/customers/:customerPublicId/notes/:notePublicId","src/pages/api/app/shops/[shopPublicId]/customers/[customerPublicId]/notes/[notePublicId].ts","dashboard","session->membership(shopPublicId)","session+shop","csrf+recent-auth+idempotency+expected-version","customers:manage","d1-transaction","app.customers","live","customer_note_projection","Redaction only; delete is blocked by an immutable trigger."
"GET","/api/app/shops/:shopPublicId/orders/:orderId/notes","src/pages/api/app/shops/[shopPublicId]/orders/[orderId]/notes/index.ts","dashboard","session->membership(shopPublicId)","session+shop","session+fulfillment:manage","fulfillment:manage","d1-projection","app.orders","live","order_note_projection","Internal note list is tenant/order bound."
"POST","/api/app/shops/:shopPublicId/orders/:orderId/notes","src/pages/api/app/shops/[shopPublicId]/orders/[orderId]/notes/index.ts","dashboard","session->membership(shopPublicId)","session+shop","csrf+recent-auth+idempotency","fulfillment:manage","d1-transaction","app.orders","live","order_note_projection","Append-only internal note with safe audit metadata."
"DELETE","/api/app/shops/:shopPublicId/orders/:orderId/notes/:notePublicId","src/pages/api/app/shops/[shopPublicId]/orders/[orderId]/notes/[notePublicId].ts","dashboard","session->membership(shopPublicId)","session+shop","csrf+recent-auth+idempotency+expected-version","fulfillment:manage","d1-transaction","app.orders","live","order_note_projection","Redaction only; cross-tenant references return not-found."
"GET","/api/app/shops/:shopPublicId/orders/:orderId/messages","src/pages/api/app/shops/[shopPublicId]/orders/[orderId]/messages/index.ts","dashboard","session->membership(shopPublicId)","session+shop","session+shop:read","shop:read","d1-projection","app.orders","provider_pending","order_message_projection","Seller message bodies are tenant-bound; delivery remains provider-pending until verified channel evidence."
"POST","/api/app/shops/:shopPublicId/orders/:orderId/messages","src/pages/api/app/shops/[shopPublicId]/orders/[orderId]/messages/index.ts","dashboard","session->membership(shopPublicId)","session+shop","csrf+recent-auth+idempotency","fulfillment:manage","d1-transaction","app.orders","provider_pending","order_message_projection","Creates an audited provider-pending message; no external send or sent state is inferred."
"DELETE","/api/app/shops/:shopPublicId/orders/:orderId/messages/:messagePublicId","src/pages/api/app/shops/[shopPublicId]/orders/[orderId]/messages/[messagePublicId].ts","dashboard","session->membership(shopPublicId)","session+shop","csrf+recent-auth+idempotency+expected-version","fulfillment:manage","d1-transaction","app.orders","provider_pending","Redaction only for unsent/failed messages; immutable transition guard prevents deletion."
"GET","/api/app/shops/:shopPublicId/payments/remediation","src/pages/api/app/shops/[shopPublicId]/payments/remediation.ts","dashboard","session->membership(shopPublicId)","session+shop","session+payments:manage","payments:manage","d1-projection","app.payments.payos","provider_pending","payment_remediation_projection","Lists seller remediation requests without provider payloads or secrets."
"POST","/api/app/shops/:shopPublicId/payments/remediation","src/pages/api/app/shops/[shopPublicId]/payments/remediation.ts","dashboard","session->membership(shopPublicId)","session+shop","csrf+recent-auth+idempotency","payments:manage","d1-transaction","app.payments.payos","provider_pending","payment_remediation_projection","Records refund/manual-review intent only; payment status is unchanged until provider evidence."
"POST","/api/app/shops/:shopPublicId/payments/payos/uat-reconciliation","src/pages/api/app/shops/[shopPublicId]/payments/payos/uat-reconciliation.ts","dashboard","session->membership(shopPublicId)","session+shop","csrf+recent-auth+idempotency+staging-controlled-channel","payments:manage","d1-transaction+provider-verified-response","app.payments.payos","provider_pending","staging_uat_reconciliation_evidence","Staging-only exact-attempt reconciliation for controlled PayOS UAT; production and channel-identity mismatches fail closed and no raw provider payload is returned."
"GET","/api/app/shops/:shopPublicId/billing/plans","src/pages/api/app/shops/[shopPublicId]/billing/plans.ts","dashboard","session->membership(shopPublicId)","session+shop","session+billing:manage","billing:manage","d1-projection","app.billing","provider_pending","billing_plan_projection","Active plan metadata and limits only; no price or payment method is fabricated."
"POST","/api/app/shops/:shopPublicId/billing/checkout","src/pages/api/app/shops/[shopPublicId]/billing/checkout.ts","dashboard","session->membership(shopPublicId)","session+shop","csrf+recent-auth+idempotency","billing:manage","d1-transaction+dodo-reference","app.billing","provider_pending","billing_checkout_projection","Creates a Dodo checkout reference from the server-selected merchant market; return URLs never activate entitlement."
"GET","/api/app/shops/:shopPublicId/billing/checkouts/:checkoutSessionId","src/pages/api/app/shops/[shopPublicId]/billing/checkouts/[checkoutSessionId].ts","dashboard","session->membership(shopPublicId)","session+shop","session+shop","billing:manage","d1-projection+dodo-reference","app.billing","provider_pending","billing_checkout_status_projection","Reconciles one tenant-bound Dodo checkout session and returns private authoritative status; browser return never grants entitlement."
"GET","/api/app/shops/:shopPublicId/billing/operations","src/pages/api/app/shops/[shopPublicId]/billing/operations.ts","dashboard","session->membership(shopPublicId)","session+shop","session+billing:manage","billing:manage","d1-projection","app.billing","provider_pending","billing_operation_projection","Returns the current durable seller billing operation for reload recovery and provider reconciliation."
"POST","/api/app/shops/:shopPublicId/billing/operations","src/pages/api/app/shops/[shopPublicId]/billing/operations.ts","dashboard","session->membership(shopPublicId)","session+shop","csrf+recent-auth+idempotency+expected-version","billing:manage","d1-transaction+dodo-reference","app.billing","provider_pending","billing_operation_projection","Creates an idempotent plan/cancel/resume command; seller UI presents it as a confirmed action, not a request ledger."
"POST","/api/app/shops/:shopPublicId/billing/preview","src/pages/api/app/shops/[shopPublicId]/billing/preview.ts","dashboard","session->membership(shopPublicId)","session+shop","csrf+session+billing:manage","billing:manage","d1-projection+dodo-reference","app.billing","provider_pending","billing_preview_projection","Returns the server/Dodo-calculated amount and effective date before a plan change is confirmed."
"POST","/api/app/shops/:shopPublicId/billing/portal","src/pages/api/app/shops/[shopPublicId]/billing/portal.ts","dashboard","session->membership(shopPublicId)","session+shop","csrf+recent-auth","billing:manage","d1-projection+dodo-reference","app.billing","provider_pending","billing_portal_projection","Creates a short-lived Dodo Customer Portal session for payment-method recovery; provider credentials and raw payloads never reach the seller."
"GET","/api/app/shops/:shopPublicId/billing/requests","src/pages/api/app/shops/[shopPublicId]/billing/requests.ts","dashboard","session->membership(shopPublicId)","session+shop","session+billing:manage","billing:manage","d1-projection","app.billing","provider_pending","billing_request_projection","Lists audited subscription change requests."
"POST","/api/app/shops/:shopPublicId/billing/requests","src/pages/api/app/shops/[shopPublicId]/billing/requests.ts","dashboard","session->membership(shopPublicId)","session+shop","csrf+recent-auth+idempotency+expected-version","billing:manage","d1-transaction","app.billing","provider_pending","Requests plan change/cancellation; authoritative subscription remains unchanged pending provider/operator confirmation."
"POST","/api/webhooks/billing/dodo/:webhookPublicId","src/pages/api/webhooks/billing/dodo/[webhookPublicId].ts","webhook","webhookPublicId->billing event","Dodo raw-body HMAC","raw-body+signature+replay+bounded-body","platform billing","d1-transaction","app.billing.dodo","provider_pending","subscription_projection","Only a signed, tenant-bound, amount/currency/price-matched Dodo event may activate or transition a subscription."
"GET","/api/admin/appeals","src/pages/api/admin/appeals/index.ts","admin","platform_admin","active_admin","admin-role","platform:read","d1-projection","admin.appeals","provider_pending","payment_remediation_projection","Bounded refund/manual-review queue with public shop/order references only."
"PATCH","/api/admin/appeals/:requestPublicId","src/pages/api/admin/appeals/[requestPublicId].ts","admin","platform_admin","active_admin","csrf+recent-auth+idempotency+expected-version","platform:risk","d1-transaction","admin.appeals","provider_pending","payment_remediation_projection","Owner/risk may approve into provider_pending or reject; no refund is marked complete."
"GET","/api/channels/telegram-mini-app/catalog/:shopPublicId","src/pages/api/channels/telegram-mini-app/catalog/[shopPublicId].ts","channel","shopPublicId->active tenant context","opaque Telegram Mini App session","bearer+no-store+tenant-session","telegram.mini_app","d1-projection","channels.telegram-mini-app.catalog","contract_ready","catalog_projection","Authenticated Mini App catalog projection; session and connector gates are rechecked and no provider activation or payment state is inferred."
"POST","/api/channels/telegram-mini-app/cart/:shopPublicId","src/pages/api/channels/telegram-mini-app/cart/[shopPublicId].ts","channel","shopPublicId->active tenant context","opaque Telegram Mini App session","bearer+idempotency+no-store+tenant-session","telegram.mini_app","d1-transaction","channels.telegram-mini-app.cart","contract_ready","cart_projection","Creates a tenant-bound cart through the canonical commerce application; inventory and payment state are not inferred."
"PATCH","/api/channels/telegram-mini-app/cart/:shopPublicId","src/pages/api/channels/telegram-mini-app/cart/[shopPublicId].ts","channel","shopPublicId->active tenant context","opaque Telegram Mini App session","bearer+idempotency+no-store+tenant-session","telegram.mini_app","d1-transaction","channels.telegram-mini-app.cart","contract_ready","cart_projection","Mutates only the authenticated principal's cart with canonical idempotency and tenant checks."
"POST","/api/channels/telegram-mini-app/quote/:shopPublicId","src/pages/api/channels/telegram-mini-app/quote/[shopPublicId].ts","channel","shopPublicId->active tenant context","opaque Telegram Mini App session","bearer+idempotency+no-store+tenant-session","telegram.mini_app","d1-projection","channels.telegram-mini-app.quote","contract_ready","quote_projection","Returns signed quote evidence bound to the tenant/cart/catalog versions; it never confirms payment."
"POST","/api/channels/telegram-mini-app/checkout/:shopPublicId","src/pages/api/channels/telegram-mini-app/checkout/[shopPublicId].ts","channel","shopPublicId->active tenant context","opaque Telegram Mini App session","bearer+idempotency+quote-evidence+no-store+tenant-session","telegram.mini_app","d1-transaction","channels.telegram-mini-app.checkout","contract_ready","order_projection","Creates an order only after canonical quote and idempotency checks; payment and fulfillment remain separate."
"GET","/api/channels/telegram-mini-app/orders/:shopPublicId","src/pages/api/channels/telegram-mini-app/orders/[shopPublicId].ts","channel","shopPublicId->active tenant context","opaque Telegram Mini App session","bearer+no-store+tenant-session","telegram.mini_app","d1-projection","channels.telegram-mini-app.orders","contract_ready","order_list_projection","Lists only orders owned by the authenticated Mini App principal."
"GET","/api/channels/telegram-mini-app/orders/:shopPublicId/:orderId","src/pages/api/channels/telegram-mini-app/orders/[shopPublicId]/[orderId].ts","channel","shopPublicId+orderId->tenant principal","opaque Telegram Mini App session","bearer+no-store+tenant-session+principal-order-access","telegram.mini_app","d1-projection","channels.telegram-mini-app.orders","contract_ready","order_projection","Returns a principal-bound order view and cannot cross tenant or customer ownership boundaries."
"POST","/webhooks/discord/:connectionPublicId","src/pages/webhooks/discord/[connectionPublicId].ts","webhook","connectionPublicId->tenant context","Discord Ed25519 interaction proof","raw-body+signature+replay+bounded-body","","verified-event-transaction","webhooks.discord","contract_ready","interaction_ack","Ping and verified interaction acknowledgements only; durable receipt claim is local-ready while bot installation, outbound delivery and provider activation remain gated."
"GET","/webhooks/whatsapp/:connectionPublicId","src/pages/webhooks/whatsapp/[connectionPublicId].ts","webhook","connectionPublicId->tenant context","Meta verify-token challenge","challenge+tenant-binding+no-store","","provider-credential","webhooks.whatsapp.challenge","contract_ready","challenge_text","Returns the challenge only after tenant-bound credential verification; Meta app/business acceptance and commerce activation remain gated."
"POST","/webhooks/whatsapp/:connectionPublicId","src/pages/webhooks/whatsapp/[connectionPublicId].ts","webhook","connectionPublicId->tenant context","WhatsApp raw-body HMAC","raw-body+signature+replay+bounded-body","","verified-event-transaction","webhooks.whatsapp","contract_ready","webhook_decision","Binds entry WABA and metadata phone_number_id to the encrypted connection credential before claiming a reference envelope; changed-payload conflicts return 409 and no raw payload, outbound delivery, payment or fulfillment transition is inferred."
"POST","/webhooks/zalo-mini-app/:connectionPublicId","src/pages/webhooks/zalo-mini-app/[connectionPublicId].ts","webhook","connectionPublicId->tenant context","Zalo event signature","raw-body+signature+replay+bounded-body","","verified-event-transaction","webhooks.zalo-mini-app","provider_pending","webhook_decision","Provider admission is checked before body consumption; normalized claims are reference-only and no commerce state changes."
"POST","/webhooks/zalo-oa/:connectionPublicId","src/pages/webhooks/zalo-oa/[connectionPublicId].ts","webhook","connectionPublicId->tenant context","provider contract pending","no-body-consumption+provider-admission","","none","webhooks.zalo-oa","provider_pending","provider_pending","Zalo OA webhook proof is not currently documented by the provider; the explicit route returns 409 before reading the body and performs no activation or commerce mutation."
"POST","/api/app/shops/:shopPublicId/channels/zalo-oa/oauth/start","src/pages/api/app/shops/[shopPublicId]/channels/zalo-oa/oauth/start.ts","dashboard","session->membership(shopPublicId)","session+shop","csrf+recent-auth","integrations:manage","d1-transaction","app.channels.zalo-oa.oauth","provider_pending","oauth_authorization_projection","Issues a tenant-bound PKCE authorization URL and one-use state; the app secret, access token and OA identity are never accepted from the browser."
"GET","/api/channels/zalo-oa/callback","src/pages/api/channels/zalo-oa/callback.ts","channel","opaque OAuth state->tenant","provider authorization code+oa_id+opaque state","query+no-store+no-state-consume","","none","channels.zalo-oa.oauth","provider_pending","provider_pending","Matches Zalo's browser redirect callback (`code`, `oa_id`, `state`); the public route validates the query shape and remains fail-closed until a reviewed server-side OA credential binding and provider webhook proof exist."
"POST","/api/channels/zalo-oa/callback","src/pages/api/channels/zalo-oa/callback.ts","channel","opaque OAuth state->tenant","provider authorization code+oa_id+opaque state","bounded+json+no-store+no-state-consume","","none","channels.zalo-oa.oauth","provider_pending","provider_pending","Compatibility transport for internal callback tests/relay; accepts only code/oa_id/state and remains fail-closed without consuming OAuth state or persisting provider credentials."
"GET","/api/app/shops/:shopPublicId/storefront/draft","src/pages/api/app/shops/[shopPublicId]/storefront/draft.ts","dashboard","session->membership(shopPublicId)","session+shop","session+shop:read","shop:read","d1-projection","app.storefront","live","safe_storefront_projection","Compatibility alias for the canonical storefront settings projection; tenant and subscription guards remain enforced by the re-exported handler."
"PATCH","/api/app/shops/:shopPublicId/storefront/draft","src/pages/api/app/shops/[shopPublicId]/storefront/draft.ts","dashboard","session->membership(shopPublicId)","session+shop","csrf+recent-auth+expected-version","storefront:manage","d1-transaction","app.storefront","live","draft_projection","Compatibility alias for the canonical storefront settings mutation; optimistic version and tenant guards remain enforced by the re-exported handler."
"GET","/api/app/shops/:shopPublicId/customers","src/pages/api/app/shops/[shopPublicId]/customers/index.ts","dashboard","session->membership(shopPublicId)","session+shop","session+shop:read","customers:read","d1-projection","app.customers","live","paginated_customer_projection","Returns bounded tenant-scoped customer projections with validated cursor pagination and role-based masking."
"GET|DELETE","/api/auth/sessions","src/pages/api/auth/sessions.ts","auth","session->platform user","active_session","GET session; DELETE csrf+recent-auth","account:security","d1-transaction","auth.sessions","live","session_security_projection","Lists safe session metadata or revokes all sessions for the authenticated user without exposing token hashes."
"GET","/api/auth/google/start","src/pages/api/auth/google/start.ts","auth","platform OAuth state","anonymous login/register","origin+admission+no-store","auth:google","google-authorization","auth.google.start","live","oauth_authorization_redirect","Starts Google Authorization Code + PKCE for login or registration; state, nonce and browser binding are server-held and no provider token is persisted."
"POST","/api/auth/google/start","src/pages/api/auth/google/start.ts","auth","session->platform user","recent authenticated session","csrf+recent-auth+admission+no-store","account:security","google-authorization","auth.google.link","live","oauth_authorization_projection","Starts explicit Google account linking from account security; linking never silently keys an existing email."
"GET","/api/auth/google/callback","src/pages/api/auth/google/callback.ts","auth","opaque one-use Google state","Google authorization code","query+PKCE+nonce+browser-binding+no-store","auth:google","d1-transaction","auth.google.callback","live","session_redirect","Consumes state once, validates RS256 claims, creates/resolves the identity, and routes 2FA through the HttpOnly challenge cookie."
"POST","/api/auth/google/2fa","src/pages/api/auth/google/2fa.ts","auth","HttpOnly Google 2FA challenge","pending Google identity","origin+no-store+otp","account:security","d1-transaction","auth.google.2fa","live","session_projection","Completes Google post-callback email OTP before issuing the existing Selinow session."
"POST","/api/internal/uat/providers/dodo","src/pages/api/internal/uat/providers/dodo.ts","internal","release-bound UAT runner","Bearer control token","exact release binding+staging-only","release:operate","d1-read+provider-read","internal.uat.dodo","provider_pending","candidate-bound provider observation","Staging-only Dodo UAT control route; unsupported checkout/webhook scenarios fail closed until genuine provider evidence is available."
